url_path,views_total,views_unique
/a631807682/zerofield/blob/master/zerofield.go,11,1
/a631807682/zerofield/blob/master/scopes/update.go,8,2
/a631807682/zerofield/tree/master/scopes,8,2
/a631807682/zerofield/blob/master/plugins/update.go,6,1
/a631807682/zerofield/tree/master/plugins,6,1
/a631807682/zerofield/blob/master/tests/utils/assert.go,4,1
/a631807682/zerofield/blob/c678f9ef5a7c787894ab51908e860ed5ea0a1197/tests/utils/assert.go,2,1
/a631807682/zerofield/blob/master/README.md,2,1
/a631807682/zerofield/branches,2,1
/a631807682/zerofield/tree/master/tests/utils,2,1
